ID,TÃ­tulo
GFDEGDQ188S,Federal Debt: Total Public Debt as Percent of Gross Domestic Product
FYFSGDA188S,Federal Surplus or Deficit [-] as Percent of Gross Domestic Product
FYFSDFYGDP,Federal Surplus or Deficit [-] as Percent of Gross Domestic Product
GFDGDPA188S,Gross Federal Debt as Percent of Gross Domestic Product
GDP,Gross Domestic Product
FYONGDA188S,Federal Net Outlays as Percent of Gross Domestic Product
FYOIGDA188S,Federal Outlays: Interest as Percent of Gross Domestic Product
FYFRGDA188S,Federal Receipts as Percent of Gross Domestic Product
GDPC1,Real Gross Domestic Product
FYGFGDQ188S,Federal Debt Held by the Public as Percent of Gross Domestic Product
GDPCA,Real Gross Domestic Product
A191RL1Q225SBEA,Real Gross Domestic Product
GDPA,Gross Domestic Product
A191RP1Q027SBEA,Gross Domestic Product
NA000334Q,Gross Domestic Product
A191RO1Q156NBEA,Real Gross Domestic Product
A191RL1A225NBEA,Real Gross Domestic Product
FYGDP,Gross Domestic Product
ND000334Q,Real Gross Domestic Product
A191RP1A027NBEA,Gross Domestic Product
OB000334Q,Real Gross Domestic Product
NC000334Q,Gross Domestic Product
NB000334Q,Real Gross Domestic Product
PCEC,Personal Consumption Expenditures
JHDUSRGDPBR,Dates of U.S. recessions as inferred by GDP-based recession indicator
HDTGPDUSQ163N,Household Debt to GDP for United States
PCECA,Personal Consumption Expenditures
NA000349Q,Personal Consumption Expenditures
NC000349Q,Personal Consumption Expenditures
PCECTPI,Personal Consumption Expenditures: Chain-type Price Index
GDPDEF,Gross Domestic Product: Implicit Price Deflator
USAB6BLTT02STSAQ,Balance of Payments: Current Account: Balance (Revenue Minus Expenditure) for United States
A939RX0Q048SBEA,Real gross domestic product per capita
PCECC96,Real Personal Consumption Expenditures
DPCERG3A086NBEA,Personal Consumption Expenditures: Chain-type Price Index
A091RC1Q027SBEA,Federal government current expenditures: Interest payments
FYPUGDA188S,Gross Federal Debt Held by the Public as Percent of Gross Domestic Product
DPCERL1Q225SBEA,Real Personal Consumption Expenditures
GDPPOT,Real Potential Gross Domestic Product
PCECCA,Real Personal Consumption Expenditures
BPCCRO1Q156NBEA,Personal Consumption Expenditures Excluding Food and Energy (Chain-Type Price Index)
DDDM01USA156NWDB,Stock Market Capitalization to GDP for United States
A191RI1Q225SBEA,Gross Domestic Product: Implicit Price Deflator
ND000349Q,Real Personal Consumption Expenditures
DPCERO1Q156NBEA,Real Personal Consumption Expenditures
DPCERL1A225NBEA,Real Personal Consumption Expenditures
DPCCRG3A086NBEA,Personal consumption expenditures excluding food and energy (chain-type price index)
NB000349Q,Real Personal Consumption Expenditures
NA000308Q,Federal government current expenditures: Interest payments
OB000349Q,Real Personal Consumption Expenditures
STLENI,St. Louis Fed Economic News Index: Real GDP Nowcast
JHGDPBRINDX,GDP-Based Recession Indicator Index
GDPNOW,GDPNow
DPCERE1Q156NBEA,Shares of gross domestic product: Personal consumption expenditures
A191RI1A225NBEA,Gross Domestic Product: Implicit Price Deflator
HBFIGDQ188S,Federal Debt Held by Foreign and International Investors as Percent of Gross Domestic Product
DPIC96,Real Disposable Personal Income
A067RO1Q156NBEA,Real Disposable Personal Income
A067RX1A020NBEA,Real disposable personal income
A067RL1Q156SBEA,Real Disposable Personal Income
A067RL1A156NBEA,Real Disposable Personal Income
DPCERE1A156NBEA,Shares of gross domestic product: Personal consumption expenditures
PSAVE,Personal Saving
LABSHPUSA156NRUG,Share of Labour Compensation in GDP at Current National Prices for United States
A071RC1A027NBEA,Personal saving
CP,Corporate Profits After Tax (without IVA and CCAdj)
DPCCRV1Q225SBEA,Personal Consumption Expenditures (PCE) Excluding Food and Energy (Chain-Type Price Index)
W006RC1Q027SBEA,Federal government current tax receipts
FGEXPND,Federal Government: Current Expenditures
DPCCRV1A225NBEA,Personal Consumption Expenditures (PCE) Excluding Food and Energy (chain-type price index)
DPI,Disposable Personal Income
B230RC0A052NBEA,Population
GDI,Gross Domestic Income
A261RX1Q020SBEA,Real gross domestic income
B230RC0Q173SBEA,Population
GEPUCURRENT,Global Economic Policy Uncertainty Index: Current Price Adjusted GDP
PB0000091Q225SBEA,Real Average of GDP and GDI
NGDPSAXDCUSQ,Nominal Gross Domestic Product for United States
W006RC1A027NBEA,Federal government current tax receipts
A067RC1A027NBEA,Disposable personal income
NA000327Q,Federal government current tax receipts
NA000283Q,Federal Government: Current Expenditures
LB0000091Q020SBEA,Real Average of GDP and GDI
A067RP1Q027SBEA,Disposable Personal Income
JPNRGDPEXP,Real Gross Domestic Product for Japan
NGDPNSAXDCUSQ,Nominal Gross Domestic Product for United States
CHNGDPNQDSMEI,National Accounts: GDP by Expenditure: Current Prices: Gross Domestic Product: Total for China
A067RP1A027NBEA,Disposable Personal Income
A229RX0A048NBEA,Real Disposable Personal Income: Per Capita
HBFRGDQ188S,Federal Debt Held by Federal Reserve Banks as Percent of Gross Domestic Product
NYGDPPCAPKDUSA,Constant GDP per capita for the United States
PE0000091Q156NBEA,Real Average of GDP and GDI
NGDPXDCUSA,Nominal Gross Domestic Product for United States
GPDI,Gross Private Domestic Investment
A229RX0Q048SBEA,Real Disposable Personal Income: Per Capita
PINCOME,Personal Income
LB0000091A020NBEA,Real average of GDP and GDI
USAGDPDEFQISMEI,National Accounts: National Accounts Deflators: Gross Domestic Product: GDP Deflator for United States
USAGDPDEFAISMEI,National Accounts: National Accounts Deflators: Gross Domestic Product: GDP Deflator for United States
PB0000091A225NBEA,Real average of GDP and GDI
A261RX1A020NBEA,Real gross domestic income
GPDIC1,Real Gross Private Domestic Investment
GNP,Gross National Product
CLVMNACSCAB1GQDE,Real Gross Domestic Product for Germany
A006RE1Q156NBEA,Shares of gross domestic product: Gross private domestic investment
NGDPRXDCJPA,Real Gross Domestic Product for Japan
A065RC1A027NBEA,Personal income
CHNGDPNADSMEI,National Accounts: GDP by Expenditure: Current Prices: Gross Domestic Product: Total for China
NGDPRSAXDCJPQ,Real Gross Domestic Product for Japan
NYGDPPCAPKDCHN,Constant GDP per capita for China
PCDG,Personal Consumption Expenditures: Durable Goods
NGDPRNSAXDCJPQ,Real Gross Domestic Product for Japan
MKTGDPCNA646NWDB,Gross Domestic Product for China
GPDIA,Gross Private Domestic Investment
HBPIGDQ188S,Federal Debt Held by Private Investors as Percent of Gross Domestic Product
NYGDPPCAPKDJPN,Constant GDP per capita for Japan
DEBTTLJPA188A,"Central government debt, total (% of GDP) for Japan"
NA000335Q,Gross Private Domestic Investment
NC000335Q,Gross Private Domestic Investment
RGDPNACNA666NRUG,Real GDP at Constant National Prices for China
A006RE1A156NBEA,Shares of gross domestic product: Gross private domestic investment
NGDPRXDCDEA,Real Gross Domestic Product for Germany
A006RL1Q225SBEA,Real Gross Private Domestic Investment
GNPA,Gross National Product
NGDPRSAXDCDEQ,Real Gross Domestic Product for Germany
GPDICA,Real Gross Private Domestic Investment
B006RO1Q156NBEA,Real Gross Private Domestic Investment
PCDGA,Personal Consumption Expenditures: Durable Goods
CLVMNACNSAB1GQDE,Real Gross Domestic Product for Germany
A001RP1A027NBEA,Gross National Product
NC000346Q,Personal Consumption Expenditures: Durable Goods
A006RL1A225NBEA,Real Gross Private Domestic Investment
ND000335Q,Real Gross Private Domestic Investment
NA000346Q,Personal Consumption Expenditures: Durable Goods
A001RP1Q027SBEA,Gross National Product
NGDPRNSAXDCDEQ,Real Gross Domestic Product for Germany
NGDPRSAXDCCAQ,Real Gross Domestic Product for Canada
NB000335Q,Real Gross Private Domestic Investment
OB000335Q,Real Gross Private Domestic Investment
VAPGDPMA,Value Added by Industry: Manufacturing as a Percentage of GDP
A792RC0Q052SBEA,Personal income per capita
NAEXKP01INQ652S,National Accounts: GDP by Expenditure: Constant Prices: Gross Domestic Product: Total for India
PCESV,Personal Consumption Expenditures: Services
A792RC0A052NBEA,Personal income per capita
NETEXP,Net Exports of Goods and Services
M318501Q027NBEA,Federal government budget surplus or deficit (-)
UKNGDP,Gross Domestic Product for United Kingdom
JPNNGDP,Gross Domestic Product for Japan
USALORSGPNOSTSAM,Composite Leading Indicators: Reference Series (GDP) Normalized for United States
MKTGDPJPA646NWDB,Gross Domestic Product for Japan
MKTGDPGBA646NWDB,Gross Domestic Product for United Kingdom
INDGDPRQPSMEI,National Accounts: GDP by Expenditure: Constant Prices: Gross Domestic Product: Total for India
W068RCQ027SBEA,Government total expenditures
GDPC1CTM,"FOMC Summary of Economic Projections for the Growth Rate of Real Gross Domestic Product, Central Tendency, Midpoint"
NAEXKP01INQ657S,National Accounts: GDP by Expenditure: Constant Prices: Gross Domestic Product: Total for India
NGDPRXDCCAA,Real Gross Domestic Product for Canada
NAEXKP01INQ661S,National Accounts: GDP by Expenditure: Constant Prices: Gross Domestic Product: Total for India
NAEXKP01INA652S,National Accounts: GDP by Expenditure: Constant Prices: Gross Domestic Product: Total for India
A939RC0Q052SBEA,Gross domestic product per capita
NAEXKP01INA657S,National Accounts: GDP by Expenditure: Constant Prices: Gross Domestic Product: Total for India
INDGDPRAPSMEI,National Accounts: GDP by Expenditure: Constant Prices: Gross Domestic Product: Total for India
NAEXKP01INA661S,National Accounts: GDP by Expenditure: Constant Prices: Gross Domestic Product: Total for India
A939RC0A052NBEA,Gross domestic product per capita
PCESVA,Personal Consumption Expenditures: Services
NC000350Q,Personal Consumption Expenditures: Services
NA000350Q,Personal Consumption Expenditures: Services
M318501A027NBEA,Federal government budget surplus or deficit (-)
CPGDPAI,Contributions to Percent Change in Real GDP by Industry: Gross Domestic Product
A822RE1Q156NBEA,Shares of gross domestic product: Government consumption expenditures and gross investment
A019RC1A027NBEA,Net exports of goods and services
NA000374Q,Net exports of goods and services
CLVMNACSCAB1GQIT,Real Gross Domestic Product for Italy
W068RC1A027NBEA,Government total expenditures
IMPGS,Imports of Goods and Services
A822RE1A156NBEA,Shares of gross domestic product: Government consumption expenditures and gross investment
W398RC1A027NBEA,Household saving
A053RC1Q027SBEA,National income: Corporate profits before tax (without IVA and CCAdj)
CLVMNACSCAB1GQFR,Real Gross Domestic Product for France
PCND,Personal Consumption Expenditures: Nondurable Goods
NYGDPPCAPKDCAN,Constant GDP per capita for Canada
IMPGSA,Imports of Goods and Services
PCDGCC96,Real Personal Consumption Expenditures: Durable Goods
GCEC1,Real Government Consumption Expenditures and Gross Investment
EXPGS,Exports of Goods and Services
NGDPRXDCITA,Real Gross Domestic Product for Italy
NGDPRSAXDCITQ,Real Gross Domestic Product for Italy
DGDSRX1Q020SBEA,Real personal consumption expenditures: Goods
NGDPRNSAXDCITQ,Real Gross Domestic Product for Italy
NA000342Q,Imports of Goods and Services
CLVMNACNSAB1GQIT,Real Gross Domestic Product for Italy
NC000342Q,Imports of Goods and Services
A072RC1Q156SBEA,Personal saving as a percentage of disposable personal income
PNFIC1,Real Private Nonresidential Fixed Investment
ND000346Q,Real Personal Consumption Expenditures: Durable Goods
NGDPRSAXDCFRQ,Real Gross Domestic Product for France
NGDPRXDCFRA,Real Gross Domestic Product for France
PCNDA,Personal Consumption Expenditures: Nondurable Goods
OB000346Q,Real Personal Consumption Expenditures: Durable Goods
A019RE1Q156NBEA,Shares of gross domestic product: Net exports of goods and services
PCDGCCA,Real Personal Consumption Expenditures: Durable Goods
DGDSRX1A020NBEA,Real personal consumption expenditures: Goods
DGDSRO1Q156NBEA,Real Personal Consumption Expenditures: Goods
DGDSRL1Q225SBEA,Real Personal Consumption Expenditures: Goods
NA000348Q,Personal Consumption Expenditures: Nondurable Goods
NGDPRNSAXDCFRQ,Real Gross Domestic Product for France
EXPGSA,Exports of Goods and Services
NC000348Q,Personal Consumption Expenditures: Nondurable Goods
CLVMNACNSAB1GQFR,Real Gross Domestic Product for France
ND000347Q,Real Personal Consumption Expenditures: Goods
DGDSRL1A225NBEA,Real Personal Consumption Expenditures: Goods
NB000346Q,Real Personal Consumption Expenditures: Durable Goods
NB000347Q,Real Personal Consumption Expenditures: Goods
OB000347Q,Real Personal Consumption Expenditures: Goods
A019RE1A156NBEA,Shares of gross domestic product: Net exports of goods and services
PCESVC96,Real Personal Consumption Expenditures: Services
A822RL1Q225SBEA,Real Government Consumption Expenditures and Gross Investment
GCECA,Real Government Consumption Expenditures and Gross Investment
A822RL1A225NBEA,Real Government Consumption Expenditures and Gross Investment
A822RO1Q156NBEA,Real Government Consumption Expenditures and Gross Investment
NA000352Q,Exports of Goods and Services
ND000333Q,Real Government Consumption Expenditures and Gross Investment
OB000333Q,Real Government Consumption Expenditures and Gross Investment
NC000352Q,Exports of Goods and Services
NB000333Q,Real Government Consumption Expenditures and Gross Investment
NGDPPOT,Nominal Potential Gross Domestic Product
PNFI,Private Nonresidential Fixed Investment
PRFIC1,Real Private Residential Fixed Investment
DPCERD3Q086SBEA,Personal consumption expenditures (implicit price deflator)
CLVMEURSCAB1GQEA19,Real Gross Domestic Product (Euro/ECU Series) for Euro Area (19 Countries)
RGDPNARUA666NRUG,Real GDP at Constant National Prices for Russian Federation
RGDPNACAA666NRUG,Real GDP at Constant National Prices for Canada
A072RC1A156NBEA,Personal saving as a percentage of disposable personal income
ND000350Q,Real Personal Consumption Expenditures: Services
PIECTR,Real personal income excluding current transfer receipts
OB000336Q,Real Private Nonresidential Fixed Investment
IMPGSC1,Real imports of goods and services
PNFICA,Real Private Nonresidential Fixed Investment
CANQGSP,Gross Domestic Product: All Industry Total in California
EXPGSC1,Real Exports of Goods and Services
DSERRO1Q156NBEA,Real Personal Consumption Expenditures: Services
W875RX1A020NBEA,Real personal income excluding current transfer receipts
PCESVCA,Real Personal Consumption Expenditures: Services
ND000336Q,Real Private Nonresidential Fixed Investment
CANGSP,Gross Domestic Product: All Industry Total in California
DSERRL1Q225SBEA,Real Personal Consumption Expenditures: Services
NB000350Q,Real Personal Consumption Expenditures: Services
NB000336Q,Real Private Nonresidential Fixed Investment
DSERRL1A225NBEA,Real Personal Consumption Expenditures: Services
OB000350Q,Real Personal Consumption Expenditures: Services
NYGDPPCAPKDGBR,Constant GDP per capita for the United Kingdom
NYGDPPCAPKDWLD,Constant GDP per capita for the World
EXPGSCA,Real Exports of Goods and Services
IMPGSCA,Real Imports of Goods and Services
HDTGPDCAQ163N,Household Debt to GDP for Canada
GPSAVE,Gross Private Saving
NGDPRSAXDCGBQ,Real Gross Domestic Product for Great Britain
PRFI,Private Residential Fixed Investment
W207RC1Q156SBEA,Net saving as a percentage of gross national income
RGDPNAARA666NRUG,Real GDP at Constant National Prices for Argentina
PPPTTLUSA618NUPN,Purchasing Power Parity over GDP for United States
NYGDPPCAPKDIND,Constant GDP per capita for India
DPCERD3A086NBEA,Personal consumption expenditures (implicit price deflator)
B4701C0A222NBEA,Hours worked by full-time and part-time employees
ND000342Q,Real Imports of Goods and Services
CLVMEURNSAB1GQEA19,Real Gross Domestic Product (Euro/ECU Series) for Euro Area (19 Countries)
B087RC1Q027SBEA,Federal government current transfer payments: Government social benefits: to persons
CHNLORSGPNOSTSAM,Composite Leading Indicators: Reference Series (GDP) Normalized for China
RGDPNAUSA666NRUG,Real GDP at Constant National Prices for United States
RGDPNAINA666NRUG,Real GDP at Constant National Prices for India
PNFIA,Private Nonresidential Fixed Investment
NA000336Q,Private Nonresidential Fixed Investment
ND000338Q,Real Private Residential Fixed Investment
PRFICA,Real Private Residential Fixed Investment
A021RL1Q158SBEA,Real Imports of Goods and Services
A020RL1Q158SBEA,Real Exports of Goods and Services
A021RO1Q156NBEA,Real Imports of Goods and Services
NC000336Q,Private Nonresidential Fixed Investment
A020RL1A158NBEA,Real Exports of Goods and Services
ND000352Q,Real Exports of Goods and Services
DDDI06USA156NWDB,Central Bank Assets to GDP for United States
A021RL1A158NBEA,Real Imports of Goods and Services
OB000342Q,Real Imports of Goods and Services
NB000342Q,Real Imports of Goods and Services
NB000352Q,Real Exports of Goods and Services
A020RO1Q156NBEA,Real Exports of Goods and Services
OB000352Q,Real Exports of Goods and Services
NYGDPPCAPKDDEU,Constant GDP per capita for Germany
NGDPRNSAXDCGBQ,Real Gross Domestic Product for Great Britain
W207RC1A156NBEA,Net saving as a percentage of gross national income
NGDPRNSAXDCINQ,Real Gross Domestic Product for India
BA06RC1A027NBEA,"Total wages and salaries, BLS"
NGDPRXDCCNA,Real Gross Domestic Product for China
NGDPRXDCGBA,Real Gross Domestic Product for Great Britain
NGDPRSAXDCMXQ,Real Gross Domestic Product for Mexico
CLVMNACSCAB1GQUK,Real Gross Domestic Product for United Kingdom (DISCONTINUED)
PRFIA,Private Residential Fixed Investment
NGDPRSAXDCAUQ,Real Gross Domestic Product for Australia
VAPGDPFI,"Value Added by Industry: Finance, Insurance, Real Estate, Rental, and Leasing: Finance and Insurance as a Percentage of GDP"
A126RC1A027NBEA,Gross private saving
CPMNACSCAB1GQDE,Gross Domestic Product for Germany
MKTGDPDEA646NWDB,Gross Domestic Product for Germany
B087RC1A027NBEA,Federal government current transfer payments: Government social benefits: to persons
NAEXKP01GBQ652S,National Accounts: GDP by Expenditure: Constant Prices: Gross Domestic Product: Total for United Kingdom
NYGDPPCAPKDITA,Constant GDP per capita for Italy
CPATAX,Corporate Profits After Tax with Inventory Valuation Adjustment (IVA) and Capital Consumption Adjustment (CCAdj)
VAPGDPC,Value Added by Industry: Construction as a Percentage of GDP
TXNGSP,Gross Domestic Product: All Industry Total in Texas
NAEXKP01GBQ657S,National Accounts: GDP by Expenditure: Constant Prices: Gross Domestic Product: Total for United Kingdom
NA000300Q,Federal government current transfer payments: Government social benefits: to persons
NAEXKP01GBA652S,National Accounts: GDP by Expenditure: Constant Prices: Gross Domestic Product: Total for United Kingdom
DDDM03USA156NWDB,Outstanding Domestic Private Debt Securities to GDP for United States
HBATGDQ188S,Federal Debt Held by Agencies and Trusts as Percent of Gross Domestic Product
NGDPRXDCAUA,Real Gross Domestic Product for Australia
PCNDGC96,Real Personal Consumption Expenditures: Nondurable Goods
NAEXKP01GBQ661S,National Accounts: GDP by Expenditure: Constant Prices: Gross Domestic Product: Total for United Kingdom
NYGDPPCAPKDARG,Constant GDP per capita for Argentina
NYGDPPCAPKDKOR,Constant GDP per capita for the Republic of Korea
NAEXKP01GBA657S,National Accounts: GDP by Expenditure: Constant Prices: Gross Domestic Product: Total for United Kingdom
GBRGDPRQPSMEI,National Accounts: GDP by Expenditure: Constant Prices: Gross Domestic Product: Total for United Kingdom
B069RC1Q027SBEA,Personal interest payments
GBRGDPRAPSMEI,National Accounts: GDP by Expenditure: Constant Prices: Gross Domestic Product: Total for United Kingdom
DEUB6BLTT02STSAQ,Balance of Payments: Current Account: Balance (Revenue Minus Expenditure) for Germany
TURB6BLTT02STSAQ,Balance of Payments: Current Account: Balance (Revenue Minus Expenditure) for Turkiye
NAEXKP01GBA661S,National Accounts: GDP by Expenditure: Constant Prices: Gross Domestic Product: Total for United Kingdom
NGDPRXDCINA,Real Gross Domestic Product for India
TXNQGSP,Gross Domestic Product: All Industry Total in Texas
NGDPRXDCMXA,Real Gross Domestic Product for Mexico
FCTAX,Federal Government: Tax Receipts on Corporate Income
FGRECPT,Federal Government Current Receipts
B096RC1Q027SBEA,Federal government current expenditures: Subsidies
A794RX0Q048SBEA,Real personal consumption expenditures per capita
CLVMNACSCAB1GQES,Real Gross Domestic Product for Spain
NGDPRNSAXDCAUQ,Real Gross Domestic Product for Australia
NGDPRNSAXDCMXQ,Real Gross Domestic Product for Mexico
NGDPRSAXDCBRQ,Real Gross Domestic Product for Brazil
GCE,Government Consumption Expenditures and Gross Investment
NYGDPMKTPCDWLD,Gross Domestic Product for World
CPMNACNSAB1GQDE,Gross Domestic Product for Germany
CLVMNACNSAB1GQUK,Real Gross Domestic Product for United Kingdom (DISCONTINUED)
CLVMNACSAB1GQUK,Real Gross Domestic Product for United Kingdom (DISCONTINUED)
B069RC1A027NBEA,Personal interest payments
USAGDPRQPSMEI,National Accounts: GDP by Expenditure: Constant Prices: Gross Domestic Product: Total for United States
NAEXKP01CAQ189S,National Accounts: GDP by Expenditure: Constant Prices: Gross Domestic Product: Total for Canada
DDDM01CNA156NWDB,Stock Market Capitalization to GDP for China
CHNB6BLTT02STSAQ,Balance of Payments: Current Account: Balance (Revenue Minus Expenditure) for China
FDEFX,Federal Government: National Defense Consumption Expenditures and Gross Investment
W986RC1Q027SBEA,Net private saving: Households and institutions
ND000348Q,Real Personal Consumption Expenditures: Nondurable Goods
NGDPRSAXDCKRQ,Real Gross Domestic Product for Republic of Korea
EA19LORSGPORGYSAM,Leading Indicators OECD: Reference Series: Gross Domestic Product (GDP): Original Series for the Euro Area (19 Countries)
NAEXKP01USQ652S,National Accounts: GDP by Expenditure: Constant Prices: Gross Domestic Product: Total for United States
OB000348Q,Real Personal Consumption Expenditures: Nondurable Goods
PCNDGCA,Real Personal Consumption Expenditures: Nondurable Goods
CARGSP,Real Gross Domestic Product: All Industry Total in California
NYNGSP,Gross Domestic Product: All Industry Total in New York
NAEXKP01CAQ657S,National Accounts: GDP by Expenditure: Constant Prices: Gross Domestic Product: Total for Canada
NB000348Q,Real Personal Consumption Expenditures: Nondurable Goods
CANGDPRQPSMEI,National Accounts: GDP by Expenditure: Constant Prices: Gross Domestic Product: Total for Canada
NAEXKP01USQ657S,National Accounts: GDP by Expenditure: Constant Prices: Gross Domestic Product: Total for United States
CANGDPRAPSMEI,National Accounts: GDP by Expenditure: Constant Prices: Gross Domestic Product: Total for Canada
NAEXKP01CAA657S,National Accounts: GDP by Expenditure: Constant Prices: Gross Domestic Product: Total for Canada
USAGDPRAPSMEI,National Accounts: GDP by Expenditure: Constant Prices: Gross Domestic Product: Total for United States
NAEXKP01USQ661S,National Accounts: GDP by Expenditure: Constant Prices: Gross Domestic Product: Total for United States
NAEXKP01USA657S,National Accounts: GDP by Expenditure: Constant Prices: Gross Domestic Product: Total for United States
NAEXKP01CAA189S,National Accounts: GDP by Expenditure: Constant Prices: Gross Domestic Product: Total for Canada
NAEXKP01CAQ661S,National Accounts: GDP by Expenditure: Constant Prices: Gross Domestic Product: Total for Canada
NAEXKP01USA652S,National Accounts: GDP by Expenditure: Constant Prices: Gross Domestic Product: Total for United States
NAEXKP01USA661S,National Accounts: GDP by Expenditure: Constant Prices: Gross Domestic Product: Total for United States
NAEXKP01CAA661S,National Accounts: GDP by Expenditure: Constant Prices: Gross Domestic Product: Total for Canada
JPNB6BLTT02STSAQ,Balance of Payments: Current Account: Balance (Revenue Minus Expenditure) for Japan
NGDPRXDCBRA,Real Gross Domestic Product for Brazil
CARQGSP,Real Gross Domestic Product: All Industry Total in California
NYNQGSP,Gross Domestic Product: All Industry Total in New York
GCEA,Government Consumption Expenditures and Gross Investment
CLVMNACSCAB1GQEU28,Real Gross Domestic Product for European Union (28 Countries)
NGDPRNSAXDCBRQ,Real Gross Domestic Product for Brazil
NGDPRSAXDCTRQ,Real Gross Domestic Product for Turkey
NA000304Q,Federal Government Current Receipts
B096RC1A027NBEA,Federal government current expenditures: Subsidies
A229RC0A052NBEA,Disposable personal income: Per capita
NA000318Q,Federal government current expenditures: Subsidies
CLVMNACNSAB1GQES,Real Gross Domestic Product for Spain
NC000333Q,Government Consumption Expenditures and Gross Investment
NA000333Q,Government Consumption Expenditures and Gross Investment
EA19LORSGPORIXOBSAM,Leading Indicators OECD: Reference Series: Gross Domestic Product (GDP): Original Series for the Euro Area (19 Countries)
MEXB6BLTT02STSAQ,Balance of Payments: Current Account: Balance (Revenue Minus Expenditure) for Mexico
LVAB6BLTT02STSAQ,Balance of Payments: Current Account: Balance (Revenue Minus Expenditure) for Latvia
GRCB6BLTT02STSAQ,Balance of Payments: Current Account: Balance (Revenue Minus Expenditure) for Greece
DDDM02USA156NWDB,Stock Market Total Value Traded to GDP for United States
NGDPRXDCKRA,Real Gross Domestic Product for Republic of Korea
DPCERY2Q224SBEA,Contributions to percent change in real gross domestic product: Personal consumption expenditures
GDPC1MD,"FOMC Summary of Economic Projections for the Growth Rate of Real Gross Domestic Product, Median"
A191RD3A086NBEA,Gross domestic product (implicit price deflator)
W986RC1A027NBEA,Net private saving: Households and institutions
NGDPRNSAXDCKRQ,Real Gross Domestic Product for Republic of Korea
NETEXC,Real Net Exports of Goods and Services
MKTGDPINA646NWDB,Gross Domestic Product for India
LABSHPCNA156NRUG,Share of Labour Compensation in GDP at Current National Prices for China
A824RE1Q156NBEA,Shares of gross domestic product: Government consumption expenditures and gross investment: Federal: National defense
A229RC0Q052SBEA,Disposable personal income: Per capita
NGDPRNSAXDCTRQ,Real Gross Domestic Product for Turkey
NYGDPPCAPKDFRA,Constant GDP per capita for France
DGDSRC1Q027SBEA,Personal consumption expenditures: Goods
CANB6BLTT02STSAQ,Balance of Payments: Current Account: Balance (Revenue Minus Expenditure) for Canada
RUSB6BLTT02STSAQ,Balance of Payments: Current Account: Balance (Revenue Minus Expenditure) for Russia
BELB6BLTT02STSAQ,Balance of Payments: Current Account: Balance (Revenue Minus Expenditure) for Belgium
AUSB6BLTT02STSAQ,Balance of Payments: Current Account: Balance (Revenue Minus Expenditure) for Australia
ZAFB6BLTT02STSAQ,Balance of Payments: Current Account: Balance (Revenue Minus Expenditure) for South Africa
NLDB6BLTT02STSAQ,Balance of Payments: Current Account: Balance (Revenue Minus Expenditure) for Netherlands
GBRB6BLTT02STSAQ,Balance of Payments: Current Account: Balance (Revenue Minus Expenditure) for United Kingdom
ITAB6BLTT02STSAQ,Balance of Payments: Current Account: Balance (Revenue Minus Expenditure) for Italy
NORB6BLTT02STSAQ,Balance of Payments: Current Account: Balance (Revenue Minus Expenditure) for Norway
NGDPRXDCTRA,Real Gross Domestic Product for Turkey
NGMP16980,"Total Gross Domestic Product for Chicago-Naperville-Elgin, IL-IN-WI (MSA)"
NGMP29820,"Total Gross Domestic Product for Las Vegas-Henderson-Paradise, NV (MSA)"
GGSAVE,Gross Government Saving
CLVMNACSCAB1GQEL,Real Gross Domestic Product for Greece
A466RD3Q052SBEA,Profit per unit of real gross value added of nonfinancial corporate business: Corporate profits after tax with IVA and CCAdj (unit profits from current production)
W790RC1Q027SBEA,Net domestic investment: Private: Domestic business
CLVMNACNSAB1GQEU28,Real Gross Domestic Product for European Union (28 Countries)
DGDSRC1A027NBEA,Personal consumption expenditures: Goods
RGDPNAJPA666NRUG,Real GDP at Constant National Prices for Japan
NA000347Q,Personal Consumption Expenditures: Goods
NC000347Q,Personal Consumption Expenditures: Goods
A824RE1A156NBEA,Shares of gross domestic product: Government consumption expenditures and gross investment: Federal: National defense
GDPCTPI,Gross Domestic Product: Chain-type Price Index
A019RX1A020NBEA,Real net exports of goods and services
DNKB6BLTT02STSAQ,Balance of Payments: Current Account: Balance (Revenue Minus Expenditure) for Denmark
INDB6BLTT02STSAQ,Balance of Payments: Current Account: Balance (Revenue Minus Expenditure) for India
PRTB6BLTT02STSAQ,Balance of Payments: Current Account: Balance (Revenue Minus Expenditure) for Portugal
OECDB6BLTT02STSAQ,Balance of Payments: Current Account: Balance (Revenue Minus Expenditure) for OECD
FRAB6BLTT02STSAQ,Balance of Payments: Current Account: Balance (Revenue Minus Expenditure) for France
SWEB6BLTT02STSAQ,Balance of Payments: Current Account: Balance (Revenue Minus Expenditure) for Sweden
CHEB6BLTT02STSAQ,Balance of Payments: Current Account: Balance (Revenue Minus Expenditure) for Switzerland
AUTB6BLTT02STSAQ,Balance of Payments: Current Account: Balance (Revenue Minus Expenditure) for Austria
G7B6BLTT02STSAQ,Balance of Payments: Current Account: Balance (Revenue Minus Expenditure) for G7
ISRB6BLTT02STSAQ,Balance of Payments: Current Account: Balance (Revenue Minus Expenditure) for Israel
LUXB6BLTT02STSAQ,Balance of Payments: Current Account: Balance (Revenue Minus Expenditure) for Luxembourg
ESPB6BLTT02STSAQ,Balance of Payments: Current Account: Balance (Revenue Minus Expenditure) for Spain
NZLB6BLTT02STSAQ,Balance of Payments: Current Account: Balance (Revenue Minus Expenditure) for New Zealand
HUNB6BLTT02STSAQ,Balance of Payments: Current Account: Balance (Revenue Minus Expenditure) for Hungary
BRAB6BLTT02STSAQ,Balance of Payments: Current Account: Balance (Revenue Minus Expenditure) for Brazil
CRIB6BLTT02STSAQ,Balance of Payments: Current Account: Balance (Revenue Minus Expenditure) for Costa Rica
LTUB6BLTT02STSAQ,Balance of Payments: Current Account: Balance (Revenue Minus Expenditure) for Lithuania
COLB6BLTT02STSAQ,Balance of Payments: Current Account: Balance (Revenue Minus Expenditure) for Colombia
KORB6BLTT02STSAQ,Balance of Payments: Current Account: Balance (Revenue Minus Expenditure) for Korea
IRLB6BLTT02STSAQ,Balance of Payments: Current Account: Balance (Revenue Minus Expenditure) for Ireland
IDNB6BLTT02STSAQ,Balance of Payments: Current Account: Balance (Revenue Minus Expenditure) for Indonesia
POLB6BLTT02STSAQ,Balance of Payments: Current Account: Balance (Revenue Minus Expenditure) for Poland
SVNB6BLTT02STSAQ,Balance of Payments: Current Account: Balance (Revenue Minus Expenditure) for Slovenia
SVKB6BLTT02STSAQ,Balance of Payments: Current Account: Balance (Revenue Minus Expenditure) for Slovak Republic
ISLB6BLTT02STSAQ,Balance of Payments: Current Account: Balance (Revenue Minus Expenditure) for Iceland
CHLB6BLTT02STSAQ,Balance of Payments: Current Account: Balance (Revenue Minus Expenditure) for Chile
DPCERY2A224NBEA,Contributions to percent change in real gross domestic product: Personal consumption expenditures
BBKMGDP,Brave-Butters-Kelley Real Gross Domestic Product
NGMP19100,"Total Gross Domestic Product for Dallas-Fort Worth-Arlington, TX (MSA)"
CLVMNACSCAB1GQSE,Real Gross Domestic Product for Sweden
RGDPNATWA666NRUG,Real GDP at Constant National Prices for Taiwan Province of China
ND000374Q,Real Net Exports of Goods and Services
GNPDEF,Gross National Product: Implicit Price Deflator
PAKDGDPGDPPT,Total External Debt for Pakistan
AUSGDPRQDSMEI,National Accounts: GDP by Expenditure: Constant Prices: Gross Domestic Product: Total for Australia
FLNGSP,Gross Domestic Product: All Industry Total in Florida
QUSPAM770A,"Total Credit to Private Non-Financial Sector, Adjusted for Breaks, for United States"
FLNQGSP,Gross Domestic Product: All Industry Total in Florida
CZEB6BLTT02STSAQ,Balance of Payments: Current Account: Balance (Revenue Minus Expenditure) for Czechia
ESTB6BLTT02STSAQ,Balance of Payments: Current Account: Balance (Revenue Minus Expenditure) for Estonia
FINB6BLTT02STSAQ,Balance of Payments: Current Account: Balance (Revenue Minus Expenditure) for Finland
DPCCRC1A027NBEA,Personal consumption expenditures excluding food and energy
DPCCRC1Q027SBEA,Personal consumption expenditures excluding food and energy
DEBTTLCAA188A,"Central government debt, total (% of GDP) for Canada"
W790RC1A027NBEA,Net domestic investment: Private: Domestic business
NGMP33100,"Total Gross Domestic Product for Miami-Fort Lauderdale-West Palm Beach, FL (MSA)"
NGMP41860,"Total Gross Domestic Product for San Francisco-Oakland-Hayward, CA (MSA)"
NGMP35620,"Total Gross Domestic Product for New York-Newark-Jersey City, NY-NJ-PA (MSA)"
A927RC1A027NBEA,Gross government saving
A466RD3A052NBEA,Profit per unit of real gross value added of nonfinancial corporate business: Corporate profits after tax with IVA and CCAdj (unit profits from current production)
A074RC1Q027SBEA,Federal government current tax receipts: Personal current taxes
NAEXKP01AUQ657S,National Accounts: GDP by Expenditure: Constant Prices: Gross Domestic Product: Total for Australia
CLVMNACNSAB1GQEL,Real Gross Domestic Product for Greece
MKTGDPCAA646NWDB,Gross Domestic Product for Canada
RGDPNATRA666NRUG,Real GDP at Constant National Prices for Turkey
GNPGDPUSA156NUPN,Ratio of GNP to GDP for United States
C307RX1Q020SBEA,Real private fixed investment: Nonresidential: Structures: Manufacturing
B020RE1Q156NBEA,Shares of gross domestic product: Exports of goods and services
NGDPRSAXDCZAQ,Real Gross Domestic Product for South Africa
AUSGDPRQPSMEI,National Accounts: GDP by Expenditure: Constant Prices: Gross Domestic Product: Total for Australia
NAEXKP01AUA189S,National Accounts: GDP by Expenditure: Constant Prices: Gross Domestic Product: Total for Australia
NAEXKP01AUQ661S,National Accounts: GDP by Expenditure: Constant Prices: Gross Domestic Product: Total for Australia
NAEXKP01AUA657S,National Accounts: GDP by Expenditure: Constant Prices: Gross Domestic Product: Total for Australia
NAEXKP01AUA661S,National Accounts: GDP by Expenditure: Constant Prices: Gross Domestic Product: Total for Australia
NAEXKP01AUA659S,National Accounts: GDP by Expenditure: Constant Prices: Gross Domestic Product: Total for Australia
A001RI1A225NBEA,Gross National Product: Implicit Price Deflator
A001RI1Q225SBEA,Gross National Product: Implicit Price Deflator
DDDM01INA156NWDB,Stock Market Capitalization to GDP for India
BBKQGDP,Brave-Butters-Kelley Real Gross Domestic Product
DEBTTLCNA188A,"Central government debt, total (% of GDP) for China"
MKTGDPFRA646NWDB,Gross Domestic Product for France
CLVMNACNSAB1GQSE,Real Gross Domestic Product for Sweden
FPI,Fixed Private Investment
CPROFIT,Corporate Profits with Inventory Valuation Adjustment (IVA) and Capital Consumption Adjustment (CCAdj)
GSAVE,Gross Saving
CANGDPDEFQISMEI,National Accounts: National Accounts Deflators: Gross Domestic Product: GDP Deflator for Canada
WUIGLOBALWEIGHTAVG,World Uncertainty Index: Global: GDP Weighted Average
ZAFNGDPRPCPPPT,Real Gross Domestic Product for South Africa
B020RE1A156NBEA,Shares of gross domestic product: Exports of goods and services
CPMNACSCAB1GQFR,Gross Domestic Product for France
C307RL1Q225SBEA,Real Private Fixed Investment: Nonresidential: Structures: Manufacturing
CLVMNACNSAB1GQPL,Real Gross Domestic Product for Poland
NYGDPPCAPKDRUS,Constant GDP per capita for the Russian Federation
NYGDPPCAPKDAUS,Constant GDP per capita for Australia
NGDPRNSAXDCZAQ,Real Gross Domestic Product for South Africa
A074RC1A027NBEA,Federal government current tax receipts: Personal current taxes
C307RL1A225NBEA,Real Private Fixed Investment: Nonresidential: Structures: Manufacturing
C307RX1A020NBEA,Real private fixed investment: Nonresidential: Structures: Manufacturing
NGDPRXDCZAA,Real Gross Domestic Product for South Africa
NA000320Q,Federal government current tax receipts: Personal current taxes
CPMNACSCAB1GQEU272020,Gross Domestic Product for European Union (27 Countries from 2020)
NETFI,"Balance on Current Account, NIPA's"
DTENRG3A086NBEA,Personal consumption expenditures: Services: Housing: Rental of tenant-occupied nonfarm housing (chain-type price index)
CLVMNACSCAB1GQPL,Real Gross Domestic Product for Poland
USAGFCFQDSMEI,National Accounts: GDP by Expenditure: Current Prices: Gross Fixed Capital Formation for United States
W255RC1Q027SBEA,Net interest and miscellaneous payments on assets
CLVMNACSAB1GQCH,Real Gross Domestic Product for Switzerland
DHLCRC1Q027SBEA,Personal consumption expenditures: Services: Health care
CLVMNACSCAB1GQNO,Real Gross Domestic Product for Norway
BBKMLEIX,Brave-Butters-Kelley Leading Index
INDLORSGPNOSTSAM,Composite Leading Indicators: Reference Series (GDP) Normalized for India
NGDPRSAXDCPLQ,Real Gross Domestic Product for Poland
NFCPATAX,Nonfinancial Corporate Business: Profits After Tax (without IVA and CCAdj)
CANGDPDEFAISMEI,National Accounts: National Accounts Deflators: Gross Domestic Product: GDP Deflator for Canada
CANNGDPRPCH,Gross Domestic Product for Canada
NGDPRXDCPLA,Real Gross Domestic Product for Poland
A929RC1A027NBEA,Gross saving
DEBTTLINA188A,"Central government debt, total (% of GDP) for India"
HDTGPDKRQ163N,Household Debt to GDP for Republic of Korea
NGDPRNSAXDCPLQ,Real Gross Domestic Product for Poland
CPMNACNSAB1GQFR,Gross Domestic Product for France
NGMP31080,"Total Gross Domestic Product for Los Angeles-Long Beach-Anaheim, CA (MSA)"
EUNNGDP,Gross Domestic Product (Euro/ECU Series) for Euro Area (19 Countries)
NGDPRSAXDCIDQ,Real Gross Domestic Product for Indonesia
SLEXPND,State and Local Government Current Expenditures
BBKQLEIX,Brave-Butters-Kelley Leading Index
RGDPNAVEA666NRUG,Real GDP at Constant National Prices for Bolivarian Republic of Venezuela
RGDPCHUSA625NUPN,Purchasing Power Parity Converted GDP Per Capita (Chain Series) for United States
RGDPNABRA666NRUG,Real GDP at Constant National Prices for Brazil
RGDPNAMXA666NRUG,Real GDP at Constant National Prices for Mexico
W019RCQ027SBEA,Federal government total expenditures
A011RE1Q156NBEA,Shares of gross domestic product: Gross private domestic investment: Fixed investment: Residential
A466RC1A027NBEA,Nonfinancial corporate business: Profits after tax (without IVA and CCAdj)
CPMNACNSAB1GQEU272020,Gross Domestic Product for European Union (27 Countries from 2020)
USAGFCFADSMEI,National Accounts: GDP by Expenditure: Current Prices: Gross Fixed Capital Formation for United States
W255RC1A027NBEA,Net interest and miscellaneous payments on assets
DHLCRC1A027NBEA,Personal consumption expenditures: Services: Health care
CLVMNACSCAB1GQCH,Real Gross Domestic Product for Switzerland
CLVMNACNSAB1GQCH,Real Gross Domestic Product for Switzerland
DEBTTLGRA188A,"Central government debt, total (% of GDP) for Greece"
CLVMNACNSAB1GQNO,Real Gross Domestic Product for Norway
HDTGPDKRA163N,Household Debt to GDP for Republic of Korea
A464RC1Q027SBEA,Nonfinancial corporate business: Profits before tax (without IVA and CCAdj)
A014RY2Q224SBEA,Contributions to percent change in real gross domestic product: Gross private domestic investment: Change in private inventories
A011RE1A156NBEA,Shares of gross domestic product: Gross private domestic investment: Fixed investment: Residential
W019RC1A027NBEA,Federal government total expenditures
GNPC96,Real Gross National Product
NGDPRNSAXDCIDQ,Real Gross Domestic Product for Indonesia
NAEXKP01CNA657S,National Accounts: GDP by Expenditure: Constant Prices: Gross Domestic Product: Total for China
NYGDPPCAPKDESP,Constant GDP per capita for Spain
CPMEURNSAB1GQEA19,Gross Domestic Product (Euro/ECU Series) for Euro Area (19 Countries)
NGDPRXDCIDA,Real Gross Domestic Product for Indonesia
NA000284Q,State and local government current expenditures
ASLEXPND,State and Local Government Current Expenditures
NAEXKP01CNA652S,National Accounts: GDP by Expenditure: Constant Prices: Gross Domestic Product: Total for China
CHNGDPRAPSMEI,National Accounts: GDP by Expenditure: Constant Prices: Gross Domestic Product: Total for China
NGMP26420,"Total Gross Domestic Product for Houston-The Woodlands-Sugar Land, TX (MSA)"
NGMP12420,"Total Gross Domestic Product for Austin-Round Rock, TX (MSA)"
CLVMNACSCAB1GQEA19,Real Gross Domestic Product for Euro Area (19 Countries)
GNPCA,Real Gross National Product
RGDPNASGA666NRUG,Real GDP at Constant National Prices for Singapore
CPMNACSCAB1GQIT,Gross Domestic Product for Italy
NAEXKP01CNA661S,National Accounts: GDP by Expenditure: Constant Prices: Gross Domestic Product: Total for China
A001RO1Q156NBEA,Real Gross National Product
AUSGDPNQDSMEI,National Accounts: GDP by Expenditure: Current Prices: Gross Domestic Product: Total for Australia
MKTGDPITA646NWDB,Gross Domestic Product for Italy
DDDI06JPA156NWDB,Central Bank Assets to GDP for Japan
DDDI03USA156NWDB,Non-Bank Financial Institutions' Assets to GDP for United States
NYGDPPCAPKDBRA,Constant GDP per capita for Brazil
A001RL1A225NBEA,Real Gross National Product
A001RL1Q225SBEA,Real Gross National Product
AUSGDPNADSMEI,National Accounts: GDP by Expenditure: Current Prices: Gross Domestic Product: Total for Australia
A464RC1A027NBEA,Nonfinancial corporate business: Profits before tax (without IVA and CCAdj)
A014RY2A224NBEA,Contributions to percent change in real gross domestic product: Gross private domestic investment: Change in private inventories
HDTGPDGBQ163N,Household Debt to GDP for United Kingdom
GCDODTOTLGDZSEUU,"Central government debt, total (% of GDP) for the European Union"
NGDPRNSAXDCRUQ,Real Gross Domestic Product for Russia
RGDPNAPHA666NRUG,Real GDP at Constant National Prices for Philippines
DEULORSGPNOSTSAM,Composite Leading Indicators: Reference Series (GDP) Normalized for Germany
RGDPNAUAA666NRUG,Real GDP at Constant National Prices for Ukraine
SAUNGDPXORPCHPT,Non-Oil Real GDP Growth in Constant Prices for Saudi Arabia
VAPGDPR,Value Added by Industry: Retail Trade as a Percentage of GDP
NAEXKP01CLQ652S,National Accounts: GDP by Expenditure: Constant Prices: Gross Domestic Product: Total for Chile
NAEXKP01NZQ189S,National Accounts: GDP by Expenditure: Constant Prices: Gross Domestic Product: Total for New Zealand
GGGDTACAA188N,General government gross debt for Canada
CLVMNACSCAB1GQNL,Real Gross Domestic Product for Netherlands
DDOI02USA156NWDB,Bank Deposits to GDP for United States
DDDI06CNA156NWDB,Central Bank Assets to GDP for China
W823RC1Q027SBEA,Personal current transfer receipts: Government social benefits to persons: Social security
W823RC1A027NBEA,Personal current transfer receipts: Government social benefits to persons: Social security
CPMNACNSAB1GQIT,Gross Domestic Product for Italy
CLVMNACNSAB1GQNL,Real Gross Domestic Product for Netherlands
CLVMNACNSAB1GQEA19,Real Gross Domestic Product for Euro Area (19 Countries)
PAYEMS,"All Employees, Total Nonfarm"
L312041A027NBEA,Government subsidies: Federal: Agricultural
GDPC1CTMLR,"Longer Run FOMC Summary of Economic Projections for the Growth Rate of Real Gross Domestic Product, Central Tendency, Midpoint"
NAEXKP01NZQ657S,National Accounts: GDP by Expenditure: Constant Prices: Gross Domestic Product: Total for New Zealand
NGDPRSAXDCUSQ,Real Gross Domestic Product for United States
MKTGDPKRA646NWDB,Gross Domestic Product for Republic of Korea
NAEXKP01CLQ661S,National Accounts: GDP by Expenditure: Constant Prices: Gross Domestic Product: Total for Chile
CHLGDPRQPSMEI,National Accounts: GDP by Expenditure: Constant Prices: Gross Domestic Product: Total for Chile
NGDPRSAXDCARQ,Real Gross Domestic Product for Argentina
Y033RX1Q020SBEA,Real Gross Private Domestic Investment: Fixed Investment: Nonresidential: Equipment
NZLGDPRQPSMEI,National Accounts: GDP by Expenditure: Constant Prices: Gross Domestic Product: Total for New Zealand
NAEXKP01NZQ661S,National Accounts: GDP by Expenditure: Constant Prices: Gross Domestic Product: Total for New Zealand
RGDPNATHA666NRUG,Real GDP at Constant National Prices for Thailand
INDGDPNQDSMEI,National Accounts: GDP by Expenditure: Current Prices: Gross Domestic Product: Total for India
ZAFNGDPRPCPCPPPT,Real GDP Per Capita for South Africa
VAPGDPPBS,Value Added by Industry: Professional and Business Services as a Percentage of GDP
RGDPNADEA666NRUG,Real GDP at Constant National Prices for Germany
NAEXKP01CLQ657S,National Accounts: GDP by Expenditure: Constant Prices: Gross Domestic Product: Total for Chile
NAEXKP01CLA661S,National Accounts: GDP by Expenditure: Constant Prices: Gross Domestic Product: Total for Chile
NAEXKP01CLA652S,National Accounts: GDP by Expenditure: Constant Prices: Gross Domestic Product: Total for Chile
CHLGDPRAPSMEI,National Accounts: GDP by Expenditure: Constant Prices: Gross Domestic Product: Total for Chile
NAEXKP01CLA657S,National Accounts: GDP by Expenditure: Constant Prices: Gross Domestic Product: Total for Chile
NAEXKP01NZA657S,National Accounts: GDP by Expenditure: Constant Prices: Gross Domestic Product: Total for New Zealand
NAEXKP01NZA189S,National Accounts: GDP by Expenditure: Constant Prices: Gross Domestic Product: Total for New Zealand
NZLGDPRAPSMEI,National Accounts: GDP by Expenditure: Constant Prices: Gross Domestic Product: Total for New Zealand
NAEXKP01NZA661S,National Accounts: GDP by Expenditure: Constant Prices: Gross Domestic Product: Total for New Zealand
NGDPRXDCRUA,Real Gross Domestic Product for Russia
DNRGRC1Q027SBEA,Personal consumption expenditures: Energy goods and services
NAEXKP01DEQ657S,National Accounts: GDP by Expenditure: Constant Prices: Gross Domestic Product: Total for Germany
DDDM01JPA156NWDB,Stock Market Capitalization to GDP for Japan
NYGDPPCAPKDTUR,Constant GDP per capita for Turkey
NYGDPPCAPKDMEX,Constant GDP per capita for Mexico
DNRGRC1A027NBEA,Personal consumption expenditures: Energy goods and services
NAEXKP01DEQ189S,National Accounts: GDP by Expenditure: Constant Prices: Gross Domestic Product: Total for Germany
DEBTTLGBA188A,"Central government debt, total (% of GDP) for the United Kingdom"
NAEXKP01DEQ661S,National Accounts: GDP by Expenditure: Constant Prices: Gross Domestic Product: Total for Germany
M2V,Velocity of M2 Money Stock
DEUGDPRQPSMEI,National Accounts: GDP by Expenditure: Constant Prices: Gross Domestic Product: Total for Germany
W987RC1Q027SBEA,Gross private domestic investment: Domestic business
M318191Q027NBEA,Federal government expenditures: Budget outlays
W070RC1Q027SBEA,State and local government current tax receipts
W201RC1Q027SBEA,Net saving
PCAGDPCNA646NWDB,Gross Domestic Product Per Capita for China
INDGDPNADSMEI,National Accounts: GDP by Expenditure: Current Prices: Gross Domestic Product: Total for India
NAEXKP01DEA657S,National Accounts: GDP by Expenditure: Constant Prices: Gross Domestic Product: Total for Germany
DEUGDPRAPSMEI,National Accounts: GDP by Expenditure: Constant Prices: Gross Domestic Product: Total for Germany
NAEXKP01DEA661S,National Accounts: GDP by Expenditure: Constant Prices: Gross Domestic Product: Total for Germany
NAEXKP01DEA189S,National Accounts: GDP by Expenditure: Constant Prices: Gross Domestic Product: Total for Germany
RGDPNACOA666NRUG,Real GDP at Constant National Prices for Colombia
RGDPNAILA666NRUG,Real GDP at Constant National Prices for Israel
TXRQGSP,Real Gross Domestic Product: All Industry Total in Texas
CANGGXWDGGDP,General Government Gross Debt for Canada
PA0000091Q225SBEA,Average of GDP and GDI
NAEXKP02EZQ189S,National Accounts: GDP by Expenditure: Constant Prices: Private Final Consumption Expenditure for the Euro Area (19 Countries)
JPNGDPDEFQISMEI,National Accounts: National Accounts Deflators: Gross Domestic Product: GDP Deflator for Japan
A794RC0Q052SBEA,Personal consumption expenditures per capita
USABCAGDPBP6,Balance of Payments for United States
NGDPRXDCARA,Real Gross Domestic Product for Argentina
B021RE1A156NBEA,Shares of gross domestic product: Imports of goods and services
NAEXKP01JPQ657S,National Accounts: GDP by Expenditure: Constant Prices: Gross Domestic Product: Total for Japan
B021RE1Q156NBEA,Shares of gross domestic product: Imports of goods and services
DSERRV1Q225SBEA,Personal Consumption Expenditures: Services (chain-type price index)
NGDPRNSAXDCARQ,Real Gross Domestic Product for Argentina
Y033RL1Q225SBEA,Real Gross Private Domestic Investment: Fixed Investment: Nonresidential: Equipment
Y033RO1Q156NBEA,Real Gross Private Domestic Investment: Fixed Investment: Nonresidential: Equipment
PPPTTLCNA618NUPN,Purchasing Power Parity over GDP for China
DSERRG3Q086SBEA,Personal consumption expenditures: Services (chain-type price index)
Y033RL1A225NBEA,Real Gross Private Domestic Investment: Fixed Investment: Nonresidential: Equipment
NGDPRNSAXDCUSQ,Real Gross Domestic Product for United States
DSERRV1A225NBEA,Personal Consumption Expenditures: Services (chain-type price index)
DSERRG3A086NBEA,Personal consumption expenditures: Services (chain-type price index)
NB000340Q,Real Gross Private Domestic Investment: Fixed Investment: Nonresidential: Equipment
Y033RX1A020NBEA,Real Gross Private Domestic Investment: Fixed Investment: Nonresidential: Equipment
ND000340Q,Real Gross Private Domestic Investment: Fixed Investment: Nonresidential: Equipment
OB000340Q,Real Gross Private Domestic Investment: Fixed Investment: Nonresidential: Equipment
NGDPRXDCUSA,Real Gross Domestic Product for United States
NYGDPPCAPKDIRL,Constant GDP per capita for Ireland
NAEXKP01JPQ189S,National Accounts: GDP by Expenditure: Constant Prices: Gross Domestic Product: Total for Japan
PAYNSA,"All Employees, Total Nonfarm"
DEBTTLUSA188A,"Central government debt, total (% of GDP) for the United States"
GEPUPPP,Global Economic Policy Uncertainty Index: PPP-Adjusted GDP
HDTGPDAUQ163N,Household Debt to GDP for Australia
A794RC0A052NBEA,Personal consumption expenditures per capita
LA0000091Q027SBEA,Average of GDP and GDI
JPNGDPDEFAISMEI,National Accounts: National Accounts Deflators: Gross Domestic Product: GDP Deflator for Japan
NGMP19820,"Total Gross Domestic Product for Detroit-Warren-Dearborn, MI (MSA)"
NGMP12060,"Total Gross Domestic Product for Atlanta-Sandy Springs-Roswell, GA (MSA)"
TXRGSP,Real Gross Domestic Product: All Industry Total in Texas
JPNGDPRQPSMEI,National Accounts: GDP by Expenditure: Constant Prices: Gross Domestic Product: Total for Japan
NAEXKP02EZQ659S,National Accounts: GDP by Expenditure: Constant Prices: Private Final Consumption Expenditure for the Euro Area (19 Countries)
PPPTT2CNA618NUPN,Purchasing Power Parity over GDP for China
A822RY2Q224SBEA,Contributions to percent change in real gross domestic product: Government consumption expenditures and gross investment
DFDHRC1Q027SBEA,Personal consumption expenditures: Durable goods: Furnishings and durable household equipment
LA0000091A027NBEA,Average of GDP and GDI
NAEXKP01JPQ661S,National Accounts: GDP by Expenditure: Constant Prices: Gross Domestic Product: Total for Japan
NAEXKP01JPA657S,National Accounts: GDP by Expenditure: Constant Prices: Gross Domestic Product: Total for Japan
JPNGDPRAPSMEI,National Accounts: GDP by Expenditure: Constant Prices: Gross Domestic Product: Total for Japan
NAEXKP01JPA661S,National Accounts: GDP by Expenditure: Constant Prices: Gross Domestic Product: Total for Japan
NAEXKP01JPA189S,National Accounts: GDP by Expenditure: Constant Prices: Gross Domestic Product: Total for Japan
NAEXKP02EZA189S,National Accounts: GDP by Expenditure: Constant Prices: Private Final Consumption Expenditure for the Euro Area (19 Countries)
NAEXKP02EZQ661S,National Accounts: GDP by Expenditure: Constant Prices: Private Final Consumption Expenditure for the Euro Area (19 Countries)
NAEXKP02EZQ657S,National Accounts: GDP by Expenditure: Constant Prices: Private Final Consumption Expenditure for the Euro Area (19 Countries)
NAEXKP02EZA659S,National Accounts: GDP by Expenditure: Constant Prices: Private Final Consumption Expenditure for the Euro Area (19 Countries)
NAEXKP02EZA661S,National Accounts: GDP by Expenditure: Constant Prices: Private Final Consumption Expenditure for the Euro Area (19 Countries)
NAEXKP02EZA657S,National Accounts: GDP by Expenditure: Constant Prices: Private Final Consumption Expenditure for the Euro Area (19 Countries)
Y694RC1Q027SBEA,Gross Domestic Product: Research and Development
NAGIGP01EZQ661S,National Accounts: National Accounts Deflators: Gross Domestic Product: GDP Deflator for the Euro Area (19 Countries)
VAPGDPAFH,"Value Added by Industry: Agriculture, Forestry, Fishing, and Hunting as a Percentage of GDP"
GNPGDPJPA156NUPN,Ratio of GNP to GDP for Japan
LABSHPJPA156NRUG,Share of Labour Compensation in GDP at Current National Prices for Japan
RGDPNAEGA666NRUG,Real GDP at Constant National Prices for Egypt
NICUR,National Income
MINGSP,Gross Domestic Product: All Industry Total in Michigan
TURGDPNQDSMEI,National Accounts: GDP by Expenditure: Current Prices: Gross Domestic Product: Total for Turkey
NAEXKP01RUQ652S,National Accounts: GDP by Expenditure: Constant Prices: Gross Domestic Product: Total for Russia
W987RC1A027NBEA,Gross private domestic investment: Domestic business
M318191A027NBEA,Federal government expenditures: Budget outlays
NA000328Q,State and local government current tax receipts
W070RC1A027NBEA,State and local government current tax receipts
W201RC1A027NBEA,Net saving
BOEBSTAUKA,Bank of England Balance Sheet - Total Assets in the United Kingdom
NYGDPPCAPKDNZL,Constant GDP per capita for New Zealand
DEBTTLITA188A,"Central government debt, total (% of GDP) for Italy"
NAEXKP01RUQ657S,National Accounts: GDP by Expenditure: Constant Prices: Gross Domestic Product: Total for Russia
HDTGPDDEQ163N,Household Debt to GDP for Germany
MINQGSP,Gross Domestic Product: All Industry Total in Michigan
TURGDPNADSMEI,National Accounts: GDP by Expenditure: Current Prices: Gross Domestic Product: Total for Turkey
NGMP34980,"Total Gross Domestic Product for Nashville-Davidson--Murfreesboro--Franklin, TN (MSA)"
NGMP41700,"Total Gross Domestic Product for San Antonio-New Braunfels, TX (MSA)"
NAGIGP01EZA661S,National Accounts: National Accounts Deflators: Gross Domestic Product: GDP Deflator for the Euro Area (19 Countries)
NAEXKP01RUQ659S,National Accounts: GDP by Expenditure: Constant Prices: Gross Domestic Product: Total for Russia
NAEXKP01RUQ661S,National Accounts: GDP by Expenditure: Constant Prices: Gross Domestic Product: Total for Russia
GCDODTOTLGDZSOED,"Central government debt, total (% of GDP) for OECD Members"
B075RC1Q027SBEA,Federal government current tax receipts: Taxes on corporate income
NAEXKP01RUA661S,National Accounts: GDP by Expenditure: Constant Prices: Gross Domestic Product: Total for Russia
NAEXKP01RUA652S,National Accounts: GDP by Expenditure: Constant Prices: Gross Domestic Product: Total for Russia
NAEXKP01RUA659S,National Accounts: GDP by Expenditure: Constant Prices: Gross Domestic Product: Total for Russia
NAEXKP01RUA657S,National Accounts: GDP by Expenditure: Constant Prices: Gross Domestic Product: Total for Russia
CLVMNACSCAB1GQPT,Real Gross Domestic Product for Portugal
VAPGDPRL,"Value Added by Industry: Finance, Insurance, Real Estate, Rental, and Leasing: Real Estate and Rental and Leasing as a Percentage of GDP"
LABSHPDEA156NRUG,Share of Labour Compensation in GDP at Current National Prices for Germany
VAPGDPM,Value Added by Industry: Mining as a Percentage of GDP
VAPGDPSPI,Value Added by Industry: Private Services-Producing Industries as a Percentage of GDP
GBRGDPDEFQISMEI,National Accounts: National Accounts Deflators: Gross Domestic Product: GDP Deflator for United Kingdom
A032RC1A027NBEA,National income
AZNGSP,Gross Domestic Product: All Industry Total in Arizona
GNPGDPCNA156NUPN,Ratio of GNP to GDP for China
A822RY2A224NBEA,Contributions to percent change in real gross domestic product: Government consumption expenditures and gross investment
Y694RC1A027NBEA,Gross Domestic Product: Research and Development
DFDHRC1A027NBEA,Personal consumption expenditures: Durable goods: Furnishings and durable household equipment
NAEXKP01ITQ189S,National Accounts: GDP by Expenditure: Constant Prices: Gross Domestic Product: Total for Italy
PC001260Q,Personal Consumption Expenditures: Services Excluding Energy and Housing (Chain-Type Price Index)
HDTGPDDEA163N,Household Debt to GDP for Germany
NAEXKP01ITQ657S,National Accounts: GDP by Expenditure: Constant Prices: Gross Domestic Product: Total for Italy
PC001260A,Personal Consumption Expenditures: Services Excluding Energy and Housing (Chain-Type Price Index)
YC001177Q,Personal Consumption Expenditures: Services Excluding Energy and Housing (Chain-Type Price Index)
IA001260Q,Personal Consumption Expenditures: Services Excluding Energy and Housing (Chain-Type Price Index)
GNPGD2CNA156NUPN,Ratio of GNP to GDP for China
IA001260A,Personal Consumption Expenditures: Services Excluding Energy and Housing (Chain-Type Price Index)
DDDI07USA156NWDB,Mutual Fund Assets to GDP for United States
NGMP41940,"Total Gross Domestic Product for San Jose-Sunnyvale-Santa Clara, CA (MSA)"
NGMP41180,"Total Gross Domestic Product for St. Louis, MO-IL (MSA)"
NGMP38900,"Total Gross Domestic Product for Portland-Vancouver-Hillsboro, OR-WA (MSA)"
ITAGDPRQPSMEI,National Accounts: GDP by Expenditure: Constant Prices: Gross Domestic Product: Total for Italy
NAEXKP01ITQ661S,National Accounts: GDP by Expenditure: Constant Prices: Gross Domestic Product: Total for Italy
AZNQGSP,Gross Domestic Product: All Industry Total in Arizona
ITAGDPRAPSMEI,National Accounts: GDP by Expenditure: Constant Prices: Gross Domestic Product: Total for Italy
NAEXKP01ITA657S,National Accounts: GDP by Expenditure: Constant Prices: Gross Domestic Product: Total for Italy
NAEXKP01ITA189S,National Accounts: GDP by Expenditure: Constant Prices: Gross Domestic Product: Total for Italy
GBRGDPDEFAISMEI,National Accounts: National Accounts Deflators: Gross Domestic Product: GDP Deflator for United Kingdom
GCDODTOTLGDZSEMU,"Central government debt, total (% of GDP) for the Euro Area"
NGANGDPRPCPPPT,Real Gross Domestic Product for Nigeria
B056RC1A027NBEA,Net corporate dividend payments
JCXFE,Personal Consumption Expenditures: Chain-type Price Index Less Food and Energy
NAEXKP01ITA661S,National Accounts: GDP by Expenditure: Constant Prices: Gross Domestic Product: Total for Italy
FPIC1,Real Private Fixed Investment
MKTGDPSGA646NWDB,Gross Domestic Product for Singapore
Y001RE1Q156NBEA,Shares of Gross Domestic Product: Gross Private Domestic Investment: Fixed Investment: Nonresidential: Intellectual Property Products
LB0000031Q020SBEA,Real Final Sales to Private Domestic Purchasers
NCNGSP,Gross Domestic Product: All Industry Total in North Carolina
CLVMNACNSAB1GQPT,Real Gross Domestic Product for Portugal
NA000322Q,Federal government current tax receipts: Taxes on corporate income
DDDM01GBA156NWDB,Stock Market Capitalization to GDP for United Kingdom
DDDM01DEA156NWDB,Stock Market Capitalization to GDP for Germany
NCNQGSP,Gross Domestic Product: All Industry Total in North Carolina
DEBTTLMYA188A,"Central government debt, total (% of GDP) for Malaysia"
DEBTTLDEA188A,"Central government debt, total (% of GDP) for Germany"
JPNRGDPC,Real GDP per Capita in Japan (DISCONTINUED)
Y001RE1A156NBEA,Shares of Gross Domestic Product: Gross Private Domestic Investment: Fixed Investment: Nonresidential: Intellectual Property Products
PB0000031Q225SBEA,Real final sales to private domestic purchasers
NGMP16740,"Total Gross Domestic Product for Charlotte-Concord-Gastonia, NC-SC (MSA)"
NGMP37980,"Total Gross Domestic Product for Philadelphia-Camden-Wilmington, PA-NJ-DE-MD (MSA)"
NGMP14460,"Total Gross Domestic Product for Boston-Cambridge-Newton, MA-NH (MSA)"
G160371A027NBEA,Government current expenditures: Income security: Welfare and social services
A084RC1Q027SBEA,Government current transfer payments
DHUTRC1Q027SBEA,Personal consumption expenditures: Services: Housing and utilities
CLVMNACSCAB1GQDK,Real Gross Domestic Product for Denmark
DCAFRC1A027NBEA,"Personal consumption expenditures: Clothing, footwear, and related services"
NGDPRSAXDCSAQ,Real Gross Domestic Product for Saudi Arabia
W202RC1Q027SBEA,Net private saving
MKTGDPMXA646NWDB,Gross Domestic Product for Mexico
RGDPNACLA666NRUG,Real GDP at Constant National Prices for Chile
RGDPNAPKA666NRUG,Real GDP at Constant National Prices for Pakistan
LPRGDPUKA,Labor Productivity: Real GDP Per Person in the United Kingdom
LABSHPCAA156NRUG,Share of Labour Compensation in GDP at Current National Prices for Canada
USAGDPNQDSMEI,National Accounts: GDP by Expenditure: Current Prices: Gross Domestic Product: Total for United States
EA19LORSGPNOSTSAM,Leading Indicators OECD: Reference Series: Gross Domestic Product (GDP): Normalised for the Euro Area (19 Countries)
RGDPNAVNA666NRUG,Real GDP at Constant National Prices for Viet Nam
DGDSRV1Q225SBEA,Personal Consumption Expenditures: Goods (chain-type price index)
DDURRG3Q086SBEA,Personal consumption expenditures: Durable goods (chain-type price index)
FPICA,Real Private Fixed Investment
CLVMNACNSAB1GQIE,Real Gross Domestic Product for Ireland
RGMP17460,"Total Real Gross Domestic Product for Cleveland-Elyria, OH (MSA)"
RGMP14460,"Total Real Gross Domestic Product for Boston-Cambridge-Newton, MA-NH (MSA)"
PE0000031Q156NBEA,Real Final sales to private domestic purchasers
NB000337Q,Real Private Fixed Investment
OB000337Q,Real Private Fixed Investment
DGDSRG3Q086SBEA,Personal consumption expenditures: Goods (chain-type price index)
PPPTTLJPA618NUPN,Purchasing Power Parity over GDP for Japan
DDURRG3A086NBEA,Personal consumption expenditures: Durable goods (chain-type price index)
PB0000031A225NBEA,Real final sales to private domestic purchasers
ND000337Q,Real Private Fixed Investment
DGDSRV1A225NBEA,Personal Consumption Expenditures: Goods (chain-type price index)
DGDSRG3A086NBEA,Personal consumption expenditures: Goods (chain-type price index)
NAEXKP01KRQ189S,National Accounts: GDP by Expenditure: Constant Prices: Gross Domestic Product: Total for Korea
CLVMNACSAB1GQIE,Real Gross Domestic Product for Ireland
NAEXKP01KRA189S,National Accounts: GDP by Expenditure: Constant Prices: Gross Domestic Product: Total for Korea
NAEXKP01KRQ657S,National Accounts: GDP by Expenditure: Constant Prices: Gross Domestic Product: Total for Korea
NYGDPPCAPKDGRC,Constant GDP per capita for Greece
DEBTTLIDA188A,"Central government debt, total (% of GDP) for Indonesia"
USAGDPNADSMEI,National Accounts: GDP by Expenditure: Current Prices: Gross Domestic Product: Total for United States
KORGDPRQPSMEI,National Accounts: GDP by Expenditure: Constant Prices: Gross Domestic Product: Total for Korea
KORGDPRAPSMEI,National Accounts: GDP by Expenditure: Constant Prices: Gross Domestic Product: Total for Korea
NAEXKP01KRQ661S,National Accounts: GDP by Expenditure: Constant Prices: Gross Domestic Product: Total for Korea
NAEXKP01KRA657S,National Accounts: GDP by Expenditure: Constant Prices: Gross Domestic Product: Total for Korea
NGMP42660,"Total Gross Domestic Product for Seattle-Tacoma-Bellevue, WA (MSA)"
NGMP38060,"Total Gross Domestic Product for Phoenix-Mesa-Scottsdale, AZ (MSA)"
NAEXKP01KRA661S,National Accounts: GDP by Expenditure: Constant Prices: Gross Domestic Product: Total for Korea
CLVMNACSCAB1GQFI,Real Gross Domestic Product for Finland
G160291A027NBEA,Government current expenditures: Education
TRP6001A027NBEA,Government social benefits: to persons: Federal: Supplemental Nutrition Assistance Program (SNAP)
B1448C1A027NBEA,"Net farm income, USDA"
C307RC1Q027SBEA,Private fixed investment: Nonresidential: Structures: Manufacturing
MKTGDPMYA646NWDB,Gross Domestic Product for Malaysia
MKTGDPVNA646NWDB,Gross Domestic Product for Viet Nam
ARENGDPXORPCHPT,Non-Oil Real GDP Growth in Constant Prices for United Arab Emirates
RGDPNANGA666NRUG,Real GDP at Constant National Prices for Nigeria
LABSHPINA156NRUG,Share of Labour Compensation in GDP at Current National Prices for India
RGDPNAMYA666NRUG,Real GDP at Constant National Prices for Malaysia
ETHNGDPRPCPCPPPT,Real GDP Per Capita for Ethiopia
NGDPRNSAXDCSAQ,Real Gross Domestic Product for Saudi Arabia
NGDPRXDCSAA,Real Gross Domestic Product for Saudi Arabia
DHUTRC1A027NBEA,Personal consumption expenditures: Services: Housing and utilities
GGGDTACNA188N,General government gross debt for China
A577RC1Q027SBEA,Personal current transfer receipts
WANGSP,Gross Domestic Product: All Industry Total in Washington
NGDPRXDCIRA,Real Gross Domestic Product for Ireland
CLVMNACNSAB1GQDK,Real Gross Domestic Product for Denmark
A084RC1A027NBEA,Government current transfer payments
A577RC1A027NBEA,Personal current transfer receipts
W202RC1A027NBEA,Net private saving
A824RX1Q020SBEA,Real government consumption expenditures and gross investment: Federal: National defense
NAEXKP01MXQ189S,National Accounts: GDP by Expenditure: Constant Prices: Gross Domestic Product: Total for Mexico
NAEXKP01MXQ661S,National Accounts: GDP by Expenditure: Constant Prices: Gross Domestic Product: Total for Mexico
A824RL1Q225SBEA,Real Government Consumption Expenditures and Gross Investment: Federal: National Defense
NAEXKP01MXQ657S,National Accounts: GDP by Expenditure: Constant Prices: Gross Domestic Product: Total for Mexico
NYGDPPCAPKDUKR,Constant GDP per capita for Ukraine
DDDM01FRA156NWDB,Stock Market Capitalization to GDP for France
NYGDPPCAPKDPHL,Constant GDP per capita for the Philippines
WANQGSP,Gross Domestic Product: All Industry Total in Washington
DEBTTLBRA188A,"Central government debt, total (% of GDP) for Brazil"
NAEXKP01MXA657S,National Accounts: GDP by Expenditure: Constant Prices: Gross Domestic Product: Total for Mexico
MEXGDPRQPSMEI,National Accounts: GDP by Expenditure: Constant Prices: Gross Domestic Product: Total for Mexico
NAEXKP01MXA189S,National Accounts: GDP by Expenditure: Constant Prices: Gross Domestic Product: Total for Mexico
NAEXKP01MXA661S,National Accounts: GDP by Expenditure: Constant Prices: Gross Domestic Product: Total for Mexico
MEXGDPRAPSMEI,National Accounts: GDP by Expenditure: Constant Prices: Gross Domestic Product: Total for Mexico
CANRGDPC,Real GDP per Capita in Canada (DISCONTINUED)
NGMP41740,"Total Gross Domestic Product for San Diego-Carlsbad, CA (MSA)"
USCONSTRQGSP,Real Gross Domestic Product: Construction (23) in the United States
DHLCRG3Q086SBEA,Personal consumption expenditures: Services: Health care (chain-type price index)
A455RC1Q027SBEA,Gross value added of nonfinancial corporate business
CBI,Change in Private Inventories
A019RY2Q224SBEA,Contributions to percent change in real gross domestic product: Net exports of goods and services
MKTGDPARA646NWDB,Gross Domestic Product for Argentina
PCAGDPCAA646NWDB,Gross Domestic Product Per Capita for Canada
USMANRQGSP,Real Gross Domestic Product: Manufacturing (31-33) in the United States
RGDPNAITA666NRUG,Real GDP at Constant National Prices for Italy
MEXGDPNQDSMEI,National Accounts: GDP by Expenditure: Current Prices: Gross Domestic Product: Total for Mexico
USALORSGPTDSTSAM,Composite Leading Indicators: Reference Series (GDP) Trend for United States
RGDPNABDA666NRUG,Real GDP at Constant National Prices for Bangladesh
C307RC1A027NBEA,Private fixed investment: Nonresidential: Structures: Manufacturing
MEXNGDPRPCH,Gross Domestic Product for Mexico
COLNAEXKP01STSAQ,National Accounts: GDP by Expenditure: Constant Prices: Gross Domestic Product: Total for Colombia
DEUGDPDEFQISMEI,National Accounts: National Accounts Deflators: Gross Domestic Product: GDP Deflator for Germany
ND000331Q,Real Government Consumption Expenditures and Gross Investment: Federal: National defense
A824RO1Q156NBEA,Real Government Consumption Expenditures and Gross Investment: Federal: National Defense
A824RL1A225NBEA,Real Government Consumption Expenditures and Gross Investment: Federal: National Defense
CLVMNACNSAB1GQFI,Real Gross Domestic Product for Finland
ALNGSP,Gross Domestic Product: All Industry Total in Alabama
NAEXKP02USQ189S,National Accounts: GDP by Expenditure: Constant Prices: Private Final Consumption Expenditure for United States
NB000331Q,Real Government Consumption Expenditures and Gross Investment: Federal: National defense
A824RX1A020NBEA,Real government consumption expenditures and gross investment: Federal: National defense
OB000331Q,Real Government Consumption Expenditures and Gross Investment: Federal: National defense
PPPTTLTWA618NUPN,Purchasing Power Parity over GDP for Taiwan
BBKMCLA,Brave-Butters-Kelley Cycle: Lagging Subcomponent of GDP
NAEXKP02USQ657S,National Accounts: GDP by Expenditure: Constant Prices: Private Final Consumption Expenditure for United States
GDPC96,Real Gross Domestic Product (DISCONTINUED)
DEUGDPDEFAISMEI,National Accounts: National Accounts Deflators: Gross Domestic Product: GDP Deflator for Germany
DDDM011WA156NWDB,Stock Market Capitalization to GDP for World (DISCONTINUED)
DDDM01QAA156NWDB,Stock Market Capitalization to GDP for Qatar
NYGDPPCAPKDPOL,Constant GDP per capita for Poland
NYGDPPCAPKDZAF,Constant GDP per capita for South Africa
NYGDPPCAPKDCHL,Constant GDP per capita for Chile
COLNAEXKP01GPSAQ,National Accounts: GDP by Expenditure: Constant Prices: Gross Domestic Product: Total for Colombia
COLNAEXKP01IXOBSAQ,National Accounts: GDP by Expenditure: Constant Prices: Gross Domestic Product: Total for Colombia
ALNQGSP,Gross Domestic Product: All Industry Total in Alabama
COLNAEXKP01GYSAQ,National Accounts: GDP by Expenditure: Constant Prices: Gross Domestic Product: Total for Colombia
MEXGDPNADSMEI,National Accounts: GDP by Expenditure: Current Prices: Gross Domestic Product: Total for Mexico
NAEXKP02USQ661S,National Accounts: GDP by Expenditure: Constant Prices: Private Final Consumption Expenditure for United States
NAEXKP02USQ659S,National Accounts: GDP by Expenditure: Constant Prices: Private Final Consumption Expenditure for United States
NAEXKP02USA189S,National Accounts: GDP by Expenditure: Constant Prices: Private Final Consumption Expenditure for United States
NAEXKP02USA659S,National Accounts: GDP by Expenditure: Constant Prices: Private Final Consumption Expenditure for United States
NAEXKP02USA657S,National Accounts: GDP by Expenditure: Constant Prices: Private Final Consumption Expenditure for United States
NAEXKP02USA661S,National Accounts: GDP by Expenditure: Constant Prices: Private Final Consumption Expenditure for United States
B703RC1Q027SBEA,Personal income receipts on assets: Personal dividend income
NGMP36740,"Total Gross Domestic Product for Orlando-Kissimmee-Sanford, FL (MSA)"
NGMP28140,"Total Gross Domestic Product for Kansas City, MO-KS (MSA)"
SB0000081Q027SBEA,Gross domestic product : Statistical discrepancy as a percentage of GDP
USMANRGSP,Real Gross Domestic Product: Manufacturing (31-33) in the United States
A001RG3A086NBEA,Gross national product (chain-type price index)
A033RC1A027NBEA,National income: Compensation of employees
COE,"National Income: Compensation of Employees, Paid"
DGAMRC1A027NBEA,Personal consumption expenditures: Services: Gambling
CBIC1,Change in Real Private Inventories
INDPFCEQDSMEI,National Accounts: GDP by Expenditure: Current Prices: Private Final Consumption Expenditure for India
DMOTRC1Q027SBEA,Personal consumption expenditures: Durable goods: Motor vehicles and parts
MKTGDPRUA646NWDB,Gross Domestic Product for Russian Federation
NGDPSAXDCJPQ,Nominal Gross Domestic Product for Japan
RGDPLPUSA625NUPN,"Purchasing Power Parity Converted GDP Per Capita (Laspeyres), derived from growth rates of Consumption, Government Consumption, Investment for United States"
RGDPNAZAA666NRUG,Real GDP at Constant National Prices for South Africa
OECDLORSGPORGYSAM,Leading Indicators OECD: Reference series: Gross Domestic Product (GDP): Original series for OECD - Total
INDLORSGPTDSTSAM,Composite Leading Indicators: Reference Series (GDP) Trend for India
RGDPNAAUA666NRUG,Real GDP at Constant National Prices for Australia
A180RC1Q027SBEA,Government current expenditures: Interest payments
BBKQCLA,Brave-Butters-Kelley Cycle: Lagging Subcomponent of GDP
USCONSTRGSP,Real Gross Domestic Product: Construction (23) in the United States
A455RC1A027NBEA,Gross value added of nonfinancial corporate business
CBIA,Change in Private Inventories
DHLCRG3A086NBEA,Personal consumption expenditures: Services: Health care (chain-type price index)
NA000373Q,Change in private inventories
A019RY2A224NBEA,Contributions to percent change in real gross domestic product: Net exports of goods and services
B703RC1A027NBEA,Personal income receipts on assets: Personal dividend income
CONGSP,Gross Domestic Product: All Industry Total in Colorado
RGDPMRPUKM,Real Gross Domestic Product at Market Prices in the United Kingdom
A195RC1Q027SBEA,Gross value added: GDP: Business
CANGDPNQDSMEI,National Accounts: GDP by Expenditure: Current Prices: Gross Domestic Product: Total for Canada
OHNGSP,Gross Domestic Product: All Industry Total in Ohio
GANGSP,Gross Domestic Product: All Industry Total in Georgia
NAEXKP02GBQ189S,National Accounts: GDP by Expenditure: Constant Prices: Private Final Consumption Expenditure for United Kingdom
NAEXKP01TRQ652S,National Accounts: GDP by Expenditure: Constant Prices: Gross Domestic Product: Total for Turkey
CANGDPNADSMEI,National Accounts: GDP by Expenditure: Current Prices: Gross Domestic Product: Total for Canada
A195RC1A027NBEA,Gross value added: GDP: Business
DDDI02USA156NWDB,Deposit Money Bank Assets to GDP for United States
TURGDPRQPSMEI,National Accounts: GDP by Expenditure: Constant Prices: Gross Domestic Product: Total for Turkey
NAEXKP02GBQ661S,National Accounts: GDP by Expenditure: Constant Prices: Private Final Consumption Expenditure for United Kingdom
BBKMCY,Brave-Butters-Kelley Cycle Component of GDP
NAEXKP01TRQ657S,National Accounts: GDP by Expenditure: Constant Prices: Gross Domestic Product: Total for Turkey
NAEXKP02GBA657S,National Accounts: GDP by Expenditure: Constant Prices: Private Final Consumption Expenditure for United Kingdom
CONQGSP,Gross Domestic Product: All Industry Total in Colorado
OHNQGSP,Gross Domestic Product: All Industry Total in Ohio
GANQGSP,Gross Domestic Product: All Industry Total in Georgia
NAEXKP01TRQ661S,National Accounts: GDP by Expenditure: Constant Prices: Gross Domestic Product: Total for Turkey
NYGDPPCAPKDMYS,Constant GDP per capita for Malaysia
NYGDPPCAPKDSWE,Constant GDP per capita for Sweden
NYGDPPCAPKDIRN,Constant GDP per capita for the Islamic Republic of Iran
NYGDPPCAPKDVEN,Constant GDP per capita for the Bolivarian Republic of Venezuela
NYGDPPCAPKDIDN,Constant GDP per capita for Indonesia
TURGDPRAPSMEI,National Accounts: GDP by Expenditure: Constant Prices: Gross Domestic Product: Total for Turkey
NAEXKP01TRA661S,National Accounts: GDP by Expenditure: Constant Prices: Gross Domestic Product: Total for Turkey
NAEXKP01TRA652S,National Accounts: GDP by Expenditure: Constant Prices: Gross Domestic Product: Total for Turkey
NAEXKP01TRA657S,National Accounts: GDP by Expenditure: Constant Prices: Gross Domestic Product: Total for Turkey
NAEXKP02GBA189S,National Accounts: GDP by Expenditure: Constant Prices: Private Final Consumption Expenditure for United Kingdom
NAEXKP02GBQ657S,National Accounts: GDP by Expenditure: Constant Prices: Private Final Consumption Expenditure for United Kingdom
NAEXKP02GBQ659S,National Accounts: GDP by Expenditure: Constant Prices: Private Final Consumption Expenditure for United Kingdom
NAEXKP02GBA659S,National Accounts: GDP by Expenditure: Constant Prices: Private Final Consumption Expenditure for United Kingdom
OECDLORSGPORIXOBSAM,Leading Indicators OECD: Reference series: Gross Domestic Product (GDP): Original series for OECD - Total
NAEXKP02GBA661S,National Accounts: GDP by Expenditure: Constant Prices: Private Final Consumption Expenditure for United Kingdom
DEBTTLESA188A,"Central government debt, total (% of GDP) for Spain"
DEBTTLCHA188A,"Central government debt, total (% of GDP) for Switzerland"
NGMP17140,"Total Gross Domestic Product for Cincinnati, OH-KY-IN (MSA)"
